agent_id,origin_node_id,destination_node_id,cost,path_node_sequence,path_link_sequence
1,1001,4002,-1248.489990,1001;2002;3001;4002;,2;6;8;,
2,1002,4001,-1166.500000,1002;2001;3002;4001;,3;5;9;,
3,1001,4001,-20.490000,1001;2002;3002;4001;,2;12;9;,
4,1002,4002,20.509998,1002;2001;3001;4002;,3;11;8;,
