agent_id,origin_node_id,destination_node_id,cost,path_node_sequence,path_link_sequence
1,1001,1003,-16.482590,1001;2;3;1003;,2;11;5;,
2,1001,1004,18.870628,1001;2;4;1004;,2;12;8;,
3,1002,1003,-10.534653,1002;1;3;1003;,3;9;5;,
4,1002,1004,16.282179,1002;1;4;1004;,3;10;8;,
5,1001,5000,-0.500000,1001;2;5000;,2;14;,
6,1002,5000,0.500000,1002;1;5000;,3;13;,
7,5000,1003,-9.286295,5000;3;1003;,15;5;,
8,5000,1004,5.439810,5000;4;1004;,16;8;,
