agent_id,origin_node_id,destination_node_id,cost,path_node_sequence,path_link_sequence
1,1001,1003,-33.846981,1001;2;4;1003;,2;10;7;,
2,1001,1004,-41.342224,1001;2;3;1004;,2;11;6;,
3,1002,1003,-11.871584,1002;1;2;4;1003;,3;9;10;7;,
4,1002,1004,-27.599358,1002;1;3;1004;,3;12;6;,
5,1001,5000,-0.005000,1001;2;5000;,2;16;,
6,1002,5000,0.005000,1002;1;5000;,3;15;,
7,5000,1003,-4.014901,5000;4;1003;,18;7;,
8,5000,1004,2.242723,5000;3;1004;,17;6;,
